SF12Q;SF12M;LTE12;GENERO;EDAD24;CDH20;PRKCA;TCF4;ANXPHENOTYPE
Q1;Q1;2;1;0;A/A;C/T;A/T;1
Q1;Q1;2;1;0;A/A;T/T;A/A;1
Q1;Q3;1;0;1;A/G;T/T;A/T;0
Q2;Q4;0;1;0;G/G;T/T;A/A;0
Q1;Q2;2;1;1;A/G;C/T;A/A;0
Q1;Q3;2;0;1;A/G;T/T;A/A;0
Q2;Q3;2;1;1;A/A;C/T;A/A;0
Q2;Q4;2;1;1;A/G;T/T;A/A;0
Q3;Q2;0;1;0;A/A;T/T;A/A;1
Q2;Q2;0;0;0;A/G;T/T;A/A;0
Q1;Q1;1;1;0;G/G;C/T;A/T;1
Q2;Q2;2;1;1;A/G;C/T;A/T;0
Q1;Q1;2;1;0;G/G;C/T;A/A;1
Q4;Q4;0;1;0;A/A;C/C;A/A;0
Q3;Q4;2;0;1;A/A;C/T;A/A;0
Q1;Q1;2;1;1;A/G;T/T;A/A;1
Q1;Q1;0;0;1;A/A;T/T;A/A;1
Q1;Q1;0;1;0;G/G;C/T;A/A;1
Q3;Q4;2;1;0;G/G;C/T;A/A;0
Q2;Q1;2;1;0;G/G;T/T;A/A;1
Q1;Q1;2;1;0;A/G;C/T;A/T;1
Q2;Q2;2;1;0;G/G;T/T;A/A;1
Q1;Q1;2;1;1;G/G;C/C;A/A;1
Q2;Q3;2;1;1;A/A;C/T;A/T;0
Q1;Q1;2;1;0;A/G;C/T;A/T;1
Q2;Q2;2;0;0;A/G;C/T;A/T;0
Q2;Q2;0;0;1;G/G;T/T;T/T;0
Q1;Q1;1;1;0;G/G;T/T;A/A;1
Q2;Q4;2;1;0;G/G;T/T;A/A;0
Q2;Q4;1;1;1;G/G;T/T;A/T;1
Q3;Q1;2;1;1;A/A;C/C;A/A;0
Q1;Q1;2;1;0;A/G;C/C;A/A;1
Q1;Q1;2;1;0;A/G;C/C;A/A;1
Q1;Q2;2;1;1;A/G;T/T;A/A;1
Q2;Q1;2;1;0;A/A;C/T;A/A;1
Q2;Q1;2;1;0;G/G;T/T;A/T;1
Q1;Q1;1;1;0;A/A;T/T;A/T;1
Q2;Q1;2;1;0;A/G;T/T;A/A;1
Q2;Q1;2;1;0;G/G;C/C;A/A;1
Q2;Q4;2;0;1;A/G;T/T;A/A;1
Q1;Q1;2;1;1;A/G;T/T;A/A;1
Q2;Q2;2;0;1;A/G;C/T;A/A;0
Q2;Q3;2;0;0;A/G;C/T;A/A;0
Q3;Q4;2;0;0;A/G;C/T;A/T;0
Q1;Q2;2;1;1;G/G;T/T;A/T;1
Q3;Q2;1;1;0;G/G;T/T;A/T;1
Q3;Q4;2;0;0;G/G;T/T;A/T;0
Q2;Q4;2;1;1;A/G;C/T;A/T;1
Q1;Q2;2;1;0;A/G;T/T;A/T;1
Q2;Q4;2;0;1;A/G;T/T;T/T;1
Q2;Q4;2;1;1;A/G;C/C;A/T;1
Q3;Q4;2;1;1;A/G;C/T;A/T;0
Q1;Q2;2;1;1;G/G;T/T;T/T;1
Q3;Q4;1;1;1;A/A;C/T;A/A;0
Q4;Q4;2;0;1;A/G;T/T;A/A;0
Q1;Q1;2;1;0;A/A;T/T;A/T;1
Q3;Q4;2;1;0;A/G;C/T;T/T;0
Q2;Q2;2;1;1;A/G;T/T;A/T;1
Q2;Q4;1;1;0;A/G;T/T;A/T;0
Q1;Q2;2;1;1;G/G;T/T;A/T;1
Q2;Q1;2;1;0;G/G;T/T;A/T;1
Q1;Q4;0;1;0;A/G;T/T;A/T;0
Q3;Q1;1;1;0;A/A;T/T;A/T;0
Q2;Q1;2;1;0;G/G;C/T;A/A;1
Q3;Q4;0;1;0;G/G;C/T;A/T;0
Q4;Q4;2;0;1;A/G;T/T;A/T;0
Q2;Q2;2;1;1;A/A;C/T;A/A;1
Q3;Q2;2;0;1;G/G;C/T;A/A;0
Q3;Q4;0;1;0;A/G;C/T;A/T;0
Q1;Q1;2;1;0;A/G;C/T;A/A;1
Q1;Q4;2;1;0;A/G;C/T;A/A;0
Q3;Q4;2;1;1;A/G;C/T;A/A;0
Q3;Q4;2;1;0;G/G;C/C;A/T;0
Q1;Q4;2;1;1;A/G;C/T;A/T;0
Q2;Q1;1;0;0;G/G;T/T;A/T;1
Q1;Q1;2;1;1;A/G;C/T;A/T;1
Q2;Q1;0;1;0;A/A;C/T;A/T;1
Q1;Q2;2;1;0;A/A;C/C;T/T;1
Q3;Q1;1;1;0;A/G;C/T;A/A;1
Q1;Q1;2;1;0;A/G;T/T;A/T;1
Q2;Q4;2;1;0;A/A;C/T;A/T;0
Q1;Q2;2;1;0;A/A;C/C;A/A;0
Q1;Q1;2;1;0;A/G;C/T;A/T;1
Q1;Q1;2;1;1;G/G;C/T;A/T;1
Q2;Q3;2;1;0;G/G;C/T;A/A;0
Q3;Q4;2;0;1;A/G;C/T;A/A;0
Q3;Q4;2;1;1;A/G;T/T;A/T;0
Q2;Q1;0;1;1;A/A;C/T;A/T;0
Q4;Q4;2;0;1;A/A;T/T;A/T;0
Q2;Q1;2;1;1;A/A;C/T;A/T;1
Q2;Q4;2;1;1;A/G;T/T;A/A;0
Q1;Q2;2;1;1;A/A;C/T;T/T;1
Q3;Q2;2;1;1;A/G;C/T;A/A;0
Q1;Q2;2;0;1;A/G;C/T;A/T;1
Q1;Q1;2;1;1;A/G;T/T;A/T;1
Q2;Q4;2;0;1;A/G;T/T;A/T;1
Q1;Q2;2;0;1;G/G;C/T;A/A;1
Q1;Q2;2;1;1;A/G;T/T;A/A;0
Q3;Q4;1;1;1;A/G;C/T;A/A;0
Q1;Q1;2;1;1;G/G;C/T;A/A;1
Q3;Q4;1;1;1;G/G;C/C;A/T;0
Q4;Q2;2;1;1;A/G;T/T;A/A;0
Q2;Q1;2;1;0;A/G;C/C;A/T;1
Q4;Q4;0;1;1;A/G;C/C;A/A;0
Q2;Q1;2;1;0;A/G;T/T;A/A;1
Q1;Q1;2;1;0;A/G;C/T;A/T;0
Q2;Q2;0;0;0;A/G;T/T;A/A;1
Q2;Q1;2;1;0;A/G;T/T;A/A;1
Q2;Q2;2;1;0;G/G;T/T;A/A;1
Q1;Q1;0;1;0;A/G;T/T;A/A;1
Q2;Q4;2;1;1;A/A;T/T;A/T;0
Q2;Q4;2;0;1;A/G;T/T;A/A;1
Q4;Q4;2;0;1;A/G;C/T;A/T;0
Q2;Q1;2;1;1;G/G;T/T;A/A;1
Q1;Q3;1;1;0;A/A;T/T;A/T;1
Q1;Q1;0;1;0;A/G;T/T;A/T;1
Q4;Q4;1;0;1;G/G;C/T;A/A;0
Q2;Q4;2;0;1;G/G;C/T;A/A;0
Q1;Q2;2;1;0;A/G;T/T;A/T;1
Q3;Q4;1;0;1;A/G;T/T;A/A;1
Q3;Q4;0;0;1;A/A;C/T;T/T;0
Q3;Q4;2;1;1;A/G;C/T;A/A;0
Q3;Q2;2;1;1;G/G;C/T;A/A;1
Q4;Q4;1;0;0;A/G;C/T;T/T;0
Q4;Q3;2;1;0;G/G;T/T;T/T;1
Q1;Q2;0;1;1;A/G;C/C;A/A;1
Q2;Q4;2;1;0;G/G;T/T;A/A;0
Q1;Q1;2;1;1;A/G;T/T;A/A;1
Q2;Q4;2;0;0;A/G;T/T;A/A;0
Q2;Q4;2;1;0;A/G;C/T;A/A;0
Q1;Q1;2;0;0;A/A;T/T;A/A;1
Q2;Q4;2;0;0;G/G;C/T;T/T;0
Q2;Q4;0;0;0;A/G;T/T;A/A;0
Q1;Q1;2;0;1;A/A;T/T;A/A;1
Q3;Q3;1;0;0;A/G;C/T;A/A;0
Q3;Q4;1;0;0;A/A;C/T;A/A;0
Q2;Q1;2;0;0;G/G;C/T;A/T;1
Q2;Q3;2;0;0;A/G;C/T;A/A;0
Q1;Q1;2;1;0;A/G;C/T;A/T;1
Q3;Q1;2;0;0;A/G;T/T;A/A;1
Q1;Q1;2;0;0;G/G;C/T;A/T;1
Q2;Q3;2;0;0;A/A;T/T;T/T;0
Q2;Q2;2;1;0;G/G;T/T;T/T;1
Q1;Q2;0;1;0;G/G;T/T;A/A;1
Q1;Q1;2;0;1;G/G;T/T;A/T;1
Q3;Q2;0;0;1;G/G;T/T;A/A;0
Q2;Q1;0;0;0;A/G;C/T;A/A;0
Q2;Q2;2;1;0;A/G;C/T;A/T;1
Q1;Q2;2;0;0;A/G;C/T;A/T;0
Q3;Q4;2;1;1;A/G;C/C;A/T;0
Q1;Q1;2;1;0;G/G;C/T;A/A;1
Q2;Q1;2;1;0;A/G;C/T;A/T;1
Q2;Q2;2;1;0;A/G;C/T;A/A;1
Q1;Q1;2;1;0;A/A;T/T;A/A;1
Q1;Q2;2;1;0;A/G;C/T;A/T;1
Q1;Q1;2;0;1;G/G;T/T;A/T;1
Q1;Q1;2;1;0;G/G;C/T;A/T;1
Q2;Q4;2;0;0;G/G;C/C;A/A;0
Q2;Q2;1;0;0;G/G;C/C;T/T;1
Q4;Q4;2;0;0;A/A;C/T;A/T;0
Q4;Q3;2;0;0;A/G;C/T;T/T;0
Q1;Q2;2;1;0;A/G;C/T;T/T;1
Q2;Q1;2;1;0;A/G;C/T;A/T;1
Q1;Q1;2;1;0;A/G;C/C;A/T;1
Q1;Q3;2;0;0;G/G;T/T;T/T;1
Q1;Q4;2;0;0;A/A;T/T;A/A;0
Q2;Q4;2;1;0;A/G;C/T;A/T;0
Q2;Q4;2;0;0;A/G;C/T;A/T;0
Q1;Q4;2;0;0;A/G;C/T;A/A;1
Q1;Q1;1;1;0;A/G;C/T;A/T;1
Q2;Q1;2;1;0;A/G;T/T;A/T;1
Q4;Q4;2;0;0;A/A;T/T;A/A;0
Q1;Q1;2;0;0;G/G;C/T;A/T;1
Q3;Q4;2;1;0;A/G;C/T;A/T;0
Q1;Q1;0;1;0;A/G;C/T;T/T;1
Q2;Q1;1;1;0;A/A;C/T;T/T;1
Q2;Q3;1;1;0;A/G;C/T;A/T;0
Q4;Q4;1;1;0;G/G;T/T;A/T;0
Q3;Q4;1;1;0;A/G;T/T;A/A;0
Q4;Q4;2;0;0;A/A;T/T;A/A;0
Q1;Q1;1;1;0;A/A;C/T;A/A;1
Q3;Q1;2;1;0;A/G;T/T;A/T;1
Q1;Q1;1;0;0;A/G;T/T;A/T;1
Q1;Q2;2;1;1;G/G;T/T;A/A;1
Q1;Q1;2;1;0;G/G;C/T;A/T;1
Q2;Q2;0;0;0;A/G;C/T;A/T;0
Q1;Q1;2;0;0;A/G;T/T;A/A;1
Q3;Q4;0;1;1;G/G;T/T;A/A;0
Q2;Q2;2;0;1;A/A;C/T;A/A;1
Q1;Q4;2;0;1;G/G;C/T;T/T;0
Q1;Q1;2;1;0;A/G;T/T;A/A;1
Q2;Q4;2;1;0;G/G;T/T;A/T;0
Q3;Q2;2;1;0;A/G;C/T;A/A;0
Q1;Q2;2;1;0;A/A;C/T;A/A;1
Q1;Q1;2;1;0;A/G;C/T;A/T;1
Q2;Q2;2;0;0;G/G;T/T;A/A;1
Q1;Q1;1;1;0;A/A;C/T;A/A;1
Q1;Q2;2;1;0;A/G;T/T;A/A;1
Q3;Q4;0;0;0;A/G;T/T;A/T;0
Q1;Q1;1;1;1;A/A;C/T;A/T;0
Q1;Q1;2;1;0;A/G;T/T;T/T;1
Q1;Q1;2;1;1;A/A;T/T;A/T;1
Q2;Q1;2;1;1;G/G;C/T;A/T;1
Q3;Q4;2;0;0;A/G;C/C;T/T;0
Q3;Q4;1;0;1;A/G;C/T;A/T;0
Q1;Q1;2;1;1;G/G;C/T;A/T;1
Q1;Q2;2;1;1;A/A;T/T;A/A;1
Q1;Q2;2;1;0;G/G;C/T;A/A;1
Q1;Q1;0;1;0;A/G;T/T;A/T;1
Q1;Q3;2;0;0;G/G;T/T;A/T;1
Q2;Q4;2;0;0;A/G;T/T;A/T;0
Q1;Q2;1;1;0;A/G;C/T;A/T;1
Q1;Q1;2;1;0;G/G;C/C;A/T;1
Q1;Q1;2;1;0;A/A;T/T;A/A;1
Q2;Q4;0;0;0;G/G;T/T;A/A;0
Q1;Q1;2;0;0;A/G;C/T;A/A;1
Q3;Q4;2;0;0;A/G;C/T;A/A;0
Q1;Q1;2;0;0;A/A;C/C;A/T;1
Q3;Q4;0;1;1;A/G;C/T;A/T;0
Q1;Q2;0;0;1;A/G;C/T;A/T;1
Q1;Q1;2;1;0;G/G;C/T;A/T;1
Q1;Q4;2;1;0;A/G;C/T;A/A;1
Q1;Q1;2;1;0;A/G;T/T;A/T;1
Q2;Q4;1;0;0;A/G;C/T;A/A;1
Q1;Q1;1;1;0;A/G;C/T;A/A;1
Q2;Q3;1;1;0;G/G;C/T;A/T;1
Q2;Q2;2;0;1;A/G;C/T;A/T;0
Q4;Q2;0;0;0;A/G;C/T;A/A;0
Q3;Q4;1;1;1;G/G;C/T;A/T;0
Q3;Q4;2;0;1;A/G;C/T;A/T;0
Q2;Q4;2;0;1;A/G;C/T;A/T;0
Q2;Q1;1;1;0;A/G;C/T;A/T;1
Q3;Q1;2;0;0;G/G;T/T;A/T;1
Q2;Q1;2;1;1;A/G;T/T;T/T;1
